Adelosebastes_latens	A_latens_148487	2243
Helicolenus_avius	H-avius_MM3	392
Helicolenus_hilgendorfii	H-hilgendorfii_KUI10868	725
Hozukius_emblemarius	H_emblemarius_134878	2205
Hozukius_guyotensis	H_guyotensis_138486	2235
Sebastes_aleutianus	S-aleutianus_SEB-111	2343
Sebastes_alutus	S-alutus_KUI2069	2254
Sebastes_atrovirens	S-atrovirens_xSEB-24	2359
Sebastes_auriculatus	S-auriculatus_S-1A	2313
Sebastes_aurora	S-aurora_KUI448	2333
Sebastes_babcocki	S-babcocki_HO-4	2334
Sebastes_baramenuke	S_baramenuke_131606	2298
Sebastes_borealis	S-borealis_KUI2095	684
Sebastes_carnatus	S-carnatus_xSEB-21	2297
Sebastes_caurinus	S-caurinus_SEB-191	2247
Sebastes_cheni	S_cheni_135386	2387
Sebastes_chlorostictus	S-chlorostictus_xSEB-10	2407
Sebastes_ciliatus	S-ciliatus_KUI2032	2264
Sebastes_constellatus	S-constellatus_SEB-71	2420
Sebastes_crameri	S-crameri_SEB-4	2363
Sebastes_dalli	S-dalli_xSEB-31	2401
Sebastes_diaconus	S-diaconus_SEB-21	2418
Sebastes_diploproa	S-diploproa_KUI2154	2330
Sebastes_elongatus	S-elongatus_SEB-146	2237
Sebastes_ensifer	S-ensifer_SEB-163	2324
Sebastes_entomelas	S-entomelas_SEB-16	2370
Sebastes_exsul	S-exsul_SEB-BAJA-1	2340
Sebastes_fasciatus	S-fasciatus_KUI2796	2315
Sebastes_flavidus	S-flavidus_SEB-19	2361
Sebastes_glaucus	S_glaucus_134638	2236
Sebastes_goodei	S-goodei_SEB-148	2189
Sebastes_helvomaculatus	S-helvomaculatus_KUI479	2310
Sebastes_hopkinsi	S-hopkinsi_xSEB-7	2404
Sebastes_hubbsi	S_hubbsi_137692	2322
Sebastes_inermis	S_inermis_136187	2398
Sebastes_iracundus	S_iracundus_136139	2259
Sebastes_itinus	S_itinus_130931	2325
Sebastes_jordani	S-jordani_KUI517	2334
Sebastes_joyneri	S_joyneri_137149	2354
Sebastes_kiyomatsui	S_kiyomatsui_145871	2333
Sebastes_koreanus	S_koreanus_134992	2230
Sebastes_levis	S-levis_KUI567	2351
Sebastes_maliger	S-maliger_KUI3233	2281
Sebastes_matsubarae	S_matsubarae_146680	2282
Sebastes_melanops	S_melanops_134856	2227
Sebastes_melanopus	S_melanopus_134856	2227
Sebastes_melanostomus	S-melanostomus_HO-5	2351
Sebastes_mentella	S-mentella_KUI3097	2305
Sebastes_miniatus	S-miniatus_SEB-11	2360
Sebastes_minor	S_minor_135284	2298
Sebastes_moseri	S-moseri_SEB-5	2309
Sebastes_mystinus	S-mystinus_SEB-17	2386
Sebastes_nebulosus	S_nebulosus_SEB-720	2290
Sebastes_nigrocinctus	S-nigrocinctus_UW114045	2362
Sebastes_nivosus	S_nivosus_134373	2364
Sebastes_nudus	S_nudus_133427	2348
Sebastes_oblongus	S_oblongus_137157	2354
Sebastes_oculatus	S-oculatus_ER03	2364
Sebastes_pachycephalus	S_pachycephalus_137687	2365
Sebastes_paucispinis	S-paucispinis_SEB-180	2318
Sebastes_pinniger	S-pinniger_SEB-72	2404
Sebastes_polyspinis	S-polyspinis_KUI2030	2303
Sebastes_proriger	S-proriger_KUI3229	2283
Sebastes_rastrelliger	S-rastrelliger_xSEB-1	2395
Sebastes_reedi	S-reedi_SEB-7	2400
Sebastes_rosaceus	S-rosaceus_SEB-73	2404
Sebastes_rosenblatti	S-rosenblatti_SEB-147	2331
Sebastes_ruberrimus	S-ruberrimus_582396486	2179
Sebastes_rubrivinctus	S-rubrivinctus_UW155382	2226
Sebastes_saxicola	S-saxicola_KUI2167	2350
Sebastes_schlegelii	S_schlegelii_139475	2331
Sebastes_scythropus	S_scythropus_145769	2381
Sebastes_semicinctus	S-semicinctus_xSEB-12	2388
Sebastes_serriceps	S-serriceps_TREE_S68	2328
Sebastes_steindachneri	S_steindachneri_141714	2112
Sebastes_taczanowskii	S_taczanowskii_133425	2248
Sebastes_thompsoni	S_thompsoni_137678	2374
Sebastes_trivittatus	S_trivittatus_137156	2296
Sebastes_umbrosus	S-umbrosus_SEB-10	2384
Sebastes_variabilis	S-variabilis_KUI2038	2349
Sebastes_variegatus	S-variegatus_KUI3213	2234
Sebastes_vulpes	S_vulpes_130347	1165
Sebastes_wilsoni	S-wilsoni_KUI3199	2344
Sebastes_zacentrus	S-zacentrus_KUI3201	2279
Sebastes_zonatus	S_zonatus_130348	1986
Sebastiscus_albofasciatus	S_albofasciatus_133423	2273
Sebastiscus_tertius	S_tertius_139529	2275
Sebastolobus_alascanus	B-alascanus_SEB-31	2337
Sebastolobus_altivelis	B-altivelis_xSEB-32	2255
