Adelosebastes_latens	A_latens_148487	Sebastolobus_alascanus
Helicolenus_avius	H-avius_MM3	Sebastes_aleutianus
Helicolenus_hilgendorfii	H-hilgendorfii_KUI10868	Sebastes_aleutianus
Hozukius_emblemarius	H_emblemarius_134878	Sebastes_aleutianus
Hozukius_guyotensis	H_guyotensis_138486	Sebastes_aleutianus
Sebastes_aleutianus	S-aleutianus_SEB-111	Sebastes_aleutianus
Sebastes_alutus	S-alutus_KUI2069	Sebastes_aleutianus
Sebastes_atrovirens	S-atrovirens_xSEB-24	Sebastes_pinniger
Sebastes_auriculatus	S-auriculatus_S-1A	Sebastes_pinniger
Sebastes_aurora	S-aurora_KUI448	Sebastes_pinniger
Sebastes_babcocki	S-babcocki_HO-4	Sebastes_rosaceus
Sebastes_baramenuke	S_baramenuke_131606	Sebastes_aleutianus
Sebastes_borealis	S-borealis_KUI2095	Sebastes_aleutianus
Sebastes_carnatus	S-carnatus_xSEB-21	Sebastes_pinniger
Sebastes_caurinus	S-caurinus_SEB-191	Sebastes_pinniger
Sebastes_chlorostictus	S-chlorostictus_xSEB-10	Sebastes_umbrosus
Sebastes_cheni	S_cheni_135386	Sebastes_aleutianus
Sebastes_ciliatus	S-ciliatus_KUI2032	Sebastes_aleutianus
Sebastes_constellatus	S-constellatus_SEB-71	Sebastes_rosaceus
Sebastes_crameri	S-crameri_SEB-4	Sebastes_entomelas
Sebastes_dalli	S-dalli_xSEB-31	Sebastes_pinniger
Sebastes_diaconus	S-diaconus_SEB-21	Sebastes_entomelas
Sebastes_diploproa	S-diploproa_KUI2154	Sebastes_rosaceus
Sebastes_elongatus	S-elongatus_SEB-146	Sebastes_pinniger
Sebastes_ensifer	S-ensifer_SEB-163	Sebastes_umbrosus
Sebastes_entomelas	S-entomelas_SEB-16	Sebastes_entomelas
Sebastes_exsul	S-exsul_SEB-BAJA-1	Sebastes_rosaceus
Sebastes_fasciatus	S-fasciatus_KUI2796	Sebastes_aleutianus
Sebastes_flavidus	S-flavidus_SEB-19	Sebastes_entomelas
Sebastes_glaucus	S_glaucus_134638	Sebastes_aleutianus
Sebastes_goodei	S-goodei_SEB-148	Sebastes_rosaceus
Sebastes_helvomaculatus	S-helvomaculatus_KUI479	Sebastes_umbrosus
Sebastes_hopkinsi	S-hopkinsi_xSEB-7	Sebastes_pinniger
Sebastes_hubbsi	S_hubbsi_137692	Sebastes_aleutianus
Sebastes_inermis	S_inermis_136187	Sebastes_aleutianus
Sebastes_iracundus	S_iracundus_136139	Sebastes_aleutianus
Sebastes_itinus	S_itinus_130931	Sebastes_aleutianus
Sebastes_jordani	S-jordani_KUI517	Sebastes_rosaceus
Sebastes_joyneri	S_joyneri_137149	Sebastes_aleutianus
Sebastes_kiyomatsui	S_kiyomatsui_145871	Sebastes_aleutianus
Sebastes_koreanus	S_koreanus_134992	Sebastes_aleutianus
Sebastes_levis	S-levis_KUI567	Sebastes_rosaceus
Sebastes_maliger	S-maliger_KUI3233	Sebastes_pinniger
Sebastes_matsubarae	S_matsubarae_146680	Sebastes_aleutianus
Sebastes_melanops	S_melanops_134856	Sebastes_entomelas
Sebastes_melanostomus	S-melanostomus_HO-5	Sebastes_pinniger
Sebastes_mentella	S-mentella_KUI3097	Sebastes_aleutianus
Sebastes_miniatus	S-miniatus_SEB-11	Sebastes_miniatus
Sebastes_minor	S_minor_135284	Sebastes_aleutianus
Sebastes_moseri	S-moseri_SEB-5	Sebastes_pinniger
Sebastes_mystinus	S-mystinus_SEB-17	Sebastes_entomelas
Sebastes_nebulosus	S_nebulosus_SEB-720	Sebastes_pinniger
Sebastes_nigrocinctus	S-nigrocinctus_UW114045	Sebastes_rosaceus
Sebastes_nivosus	S_nivosus_134373	Sebastes_aleutianus
Sebastes_nudus	S_nudus_133427	Sebastes_aleutianus
Sebastes_oblongus	S_oblongus_137157	Sebastes_aleutianus
Sebastes_oculatus	S-oculatus_ER03	Sebastes_rosaceus
Sebastes_pachycephalus	S_pachycephalus_137687	Sebastes_aleutianus
Sebastes_paucispinis	S-paucispinis_SEB-180	Sebastes_rosaceus
Sebastes_pinniger	S-pinniger_SEB-72	Sebastes_pinniger
Sebastes_polyspinis	S-polyspinis_KUI2030	Sebastes_aleutianus
Sebastes_proriger	S-proriger_KUI3229	Sebastes_entomelas
Sebastes_rastrelliger	S-rastrelliger_xSEB-1	Sebastes_pinniger
Sebastes_reedi	S-reedi_SEB-7	Sebastes_entomelas
Sebastes_rosaceus	S-rosaceus_SEB-73	Sebastes_rosaceus
Sebastes_rosenblatti	S-rosenblatti_SEB-147	Sebastes_umbrosus
Sebastes_ruberrimus	S-ruberrimus_582396486	Sebastes_pinniger
Sebastes_rubrivinctus	S-rubrivinctus_UW155382	Sebastes_rosaceus
Sebastes_saxicola	S-saxicola_KUI2167	Sebastes_pinniger
Sebastes_schlegelii	S_schlegelii_139475	Sebastes_aleutianus
Sebastes_scythropus	S_scythropus_145769	Sebastes_aleutianus
Sebastes_semicinctus	S-semicinctus_xSEB-12	Sebastes_pinniger
Sebastes_serriceps	S-serriceps_TREE_S68	Sebastes_rosaceus
Sebastes_steindachneri	S_steindachneri_141714	Sebastes_entomelas
Sebastes_taczanowskii	S_taczanowskii_133425	Sebastes_aleutianus
Sebastes_thompsoni	S_thompsoni_137678	Sebastes_aleutianus
Sebastes_trivittatus	S_trivittatus_137156	Sebastes_aleutianus
Sebastes_umbrosus	S-umbrosus_SEB-10	Sebastes_umbrosus
Sebastes_variabilis	S-variabilis_KUI2038	Sebastes_aleutianus
Sebastes_variegatus	S-variegatus_KUI3213	Sebastes_entomelas
Sebastes_vulpes	S_vulpes_130347	Sebastes_aleutianus
Sebastes_wilsoni	S-wilsoni_KUI3199	Sebastes_entomelas
Sebastes_zacentrus	S-zacentrus_KUI3201	Sebastes_entomelas
Sebastes_zonatus	S_zonatus_130348	Sebastes_aleutianus
Sebastiscus_albofasciatus	S_albofasciatus_133423	Sebastes_aleutianus
Sebastiscus_tertius	S_tertius_139529	Sebastes_aleutianus
Sebastolobus_alascanus	B-alascanus_SEB-31	Sebastolobus_alascanus
Sebastolobus_altivelis	B-altivelis_xSEB-32	Sebastolobus_alascanus
